name,category,phone,address,rating,review_snippet,place_id,has_website,email,demo_url
T&T Barbershop,Barber shop,(815) 556-9838,"16122 S. Route 59 Next to Beggars, Pizza and Constable Tattoo Shop, Plainfield, IL 60586, USA",4.4,"Walked in without an appointment and asked for a fade up from a half. It definitely wasn't a fade, and the trim off the top wasn't even.

I asked him to go back and take more, and I couldn’t tell the ",ChIJsYFghlX1DogRF719uGCVAvk,no,,https://t-t-barbershop.netlify.app
Barber Shop Lounge,Barber shop,(815) 764-6593,"714 Cottage St, Shorewood, IL 60404, USA",4.8,"Great service, great music, great people. No appointments needed. Walk-in and get your cut on first come first serve basis.",ChIJdRS6lC-KDogR6ERHLfCDzuM,no,,https://barber-shop-lounge.netlify.app
Kelly's Special Image,Barber shop,(815) 436-4299,"15032 S Illinois St #100, Plainfield, IL 60544, USA",4.9,Theresa is the best! I’ve been using her for my hair cuts for about a year or so now. I got diagnosed with cancer rarer this year and told her I would need to chance it all one of these days. Well tod,ChIJdQHvEB_1DogRzww_6idGp-U,no,,https://kelly-s-special-image.netlify.app
Sam's Barber Shop,Barber shop,(317) 838-7053,"1660 E Main St, Plainfield, IN 46168, USA",4.9,Sam did me right. Needed a good cut and that's exactly what he delivered. Will be my new spot to get cut and trimmed when I'm in the area. Call and make appointment!,ChIJB7YTREykbIgRtRAHEJ-ClAc,no,,https://sam-s-barber-shop.netlify.app
Hairhead Barbershop,Barber shop,(331) 286-0642,"2735 Hassert Blvd Unit 183, Naperville, IL 60564, USA",5,"We had a wonderful experience at this salon. The stylist was friendly, professional, and attentive from the moment we walked in. I highly recommend this salon to anyone looking for high-quality servic",ChIJJ4GqJGr3DogRlJo3AKPcisQ,no,,https://hairhead-barbershop.netlify.app
Acapulco Bakery Inc,Bakery,(815) 729-1737,"852 Sharp Dr # F, Shorewood, IL 60404, USA",4,Very very good food and it is super cheap. We got like 5 items for $6. Also cashier is cool.,ChIJATS3hk-KDogRIPzrsl8YW-I,no,,https://acapulco-bakery-inc.netlify.app
Hot and Crusty Sourdough Co,Bakery,(630) 559-6555,"4705 Chapman Dr, Plainfield, IL 60586, USA",,,ChIJJ8G_1ySLDogRDQFqh8fI6_8,no,,https://hot-and-crusty-sourdough-co.netlify.app
Krema Patisserie,Bakery,,"14220 US-30, Plainfield, IL 60544, USA",,,ChIJ_dkGSQD1DogRgA0pg3DBviI,no,,https://krema-patisserie.netlify.app
Treats by alaila,Bakery,(815) 286-1254,"Joliet Rd, Plainfield, IL 60544, USA",,,ChIJl2u52gf1DogRjrzeMaE0DmY,no,,https://treats-by-alaila.netlify.app
Bakery,,,"Bakery, Plainfield, IL 60586, USA",,,ChIJjce7-lWKDogRv2P-AiwysYo,no,,
NEOS Detail,,(815) 909-6426,"24552 Caton Farm Rd, Plainfield, IL 60586, USA",4.9,"I cannot recommend him enough! From the very beginning, he was extremely communicative, kind, and genuinely cared about making sure my car turned out exactly how I wanted. He took his time, paid atten",ChIJy8DM8KmLDogRT8NqJiXi1so,no,,https://neos-detail.netlify.app
Ex Detailing,,(815) 503-3009,"4308 Glenlo Dr, Plainfield, IL 60586, USA",5,"Got my 2011 Camry detailed and it looks amazing. Super clean inside and out, paint shines, and he paid attention to every detail. Brought an older car back to life. Highly recommend.",ChIJh7OlusGLDogRMnBlFdE2Uj4,no,,https://ex-detailing.netlify.app
Cleany Car Detail Joliet,,,"1638 Green Oaks Ct, Plainfield, IL 60586, USA",5,My car looks and smells brand every time I get my car detailed by them!!! fantastic!,ChIJreGTzEOLDogRp_O-tPr3xo8,no,,https://cleany-car-detail-joliet.netlify.app
Bella Nora Nail & Spa,Nail Salon,(815) 609-7978,"13400 S, 13400 Rte 59 Suite 110, Plainfield, IL 60585, USA",4.7,"I’ve been seeing Wendy for over a year now. She is my GIRL! Whether I want a design or something simple, she executes it perfectly every time. The spa is easy to get to and very clean. The pedicures a",ChIJWdI_jNz1DogRKzYoENqpQQ4,no,,https://bella-nora-nail---spa.netlify.app
Ali Nails Salon,Nail Salon,(331) 337-9096,"13242 Rte 59 Ste 204, Plainfield, IL 60585, USA",5,Came here for my first Russian manicure today & it was a fantastic experience! My technician Laura was very kind and knowledgeable. The salon is very clean and welcoming. I will be coming back again &,ChIJm_JYUOH1DogRLNNGpDg7Kno,no,,https://ali-nails-salon.netlify.app
Jitters,Coffee Shop,(815) 740-0048,"178 N Chicago St, Joliet, IL 60432, USA",4.7,This place is absolutely amazing! Stopped by here with my mom to grab a quick bite and I must say what a hidden gem! I’m not from the area so I was a little unsure. We were greeted with so much warmth,ChIJX9oqi8hmDogRPz2dWsc-R0g,no,,
Nitty Gritty Barbershop,Barber shop,(630) 677-0393,"76 W Van Buren St, Oswego, IL 60543, USA",4.8,"Nitty Gritty HAS  and WILL  ALWAYS be our go-to barbershop. It’s not just about legit quality cut, but about the welcoming environment and vibes.
My son and I first started going to Nick when my son w",ChIJWSCNVMzrDogRglzuXatdPjo,no,,https://nitty-gritty-barbershop.netlify.app
Pit Stop Barbershop,Barber shop,(331) 215-0645,"2757 US-34, Oswego, IL 60543, USA",5,Took my 7 year old son in for his first barber experience. Alex did an amazing job with him. Everyone was very friendly! We will be back!,ChIJyyzv_LvxDogRh-xi2VUYuIw,no,,
Main Street Barber,Barber shop,(630) 853-1907,"73 Main St, Oswego, IL 60543, USA",4.9,"Ron at Main Street Barber has been cutting my hair ever since he came to Oswego. I want a regular barber experience with a friendly atmosphere and that is what I get here, not a flashy salon experienc",ChIJJ6ciUW_uDogRmDgvZqV7zmc,no,,https://main-street-barber.netlify.app
Premier Fades,Barber shop,(224) 355-2009,"79 Boulder Hill Pass, Montgomery, IL 60538, USA",4.7,"I’ve been to a lot of barbershops, but this one stands out on a different level. From the moment you walk in, the energy is right—clean environment, professional atmosphere, and a team that clearly ta",ChIJgT_o-nfvDogR5lPl9Jv2K24,no,,https://premier-fades.netlify.app
Legends Studio,Barber shop,(630) 770-5973,"2400 US-30 Ste 128, Oswego, IL 60543, USA",5,Mega & Gabe are great barbers! They leave you fresh and clean every time. I like how they use that old fashion razor to get that real close shave. Thanks for always getting me in my guys!,ChIJh4_ScYzxDogR5AtU-1gxe2w,no,,
Pit stop barbershop F-1,Barber shop,(630) 233-9606,"2733 US-34, Oswego, IL 60543, USA",5,"Daniel is an excellent barber and always does an amazing job. He pays close attention to detail, makes sure you get exactly the cut you want, and keeps everything professional the entire time. The bar",ChIJSVVIdMjxDogRXXxnYsnD0F4,no,,
Lekaroz Bakery,Bakery,(815) 886-0365,"101 W Romeo Rd #2, Romeoville, IL 60446, USA",4.4,Im super sad to write this review but my bread had a lot of mold growing on it. Unfortunately after years i will not be coming back.,ChIJkTXhmCRcDogR9JVzImGaPpQ,no,,
Gigante Bakery,Bakery,(630) 972-0122,"140 S Bolingbrook Dr, Bolingbrook, IL 60440, USA",3.7,I have been ordering from them since my daughter has been 3 years old ! They are amazing and do a wonderful job ! Any cake i wanted they have made for me even if it's not in there book they have done ,ChIJkVLdqbdbDogRiHT5bIGjsdQ,no,,
Panaderia Don Lupe,Bakery,(331) 757-5924,"253 N Schmidt Rd, Bolingbrook, IL 60440, USA",4.5,Was looking for some Mexican sweets. I found some on this location. But they were not great. Just decent. Does anyone knows a better place by boiling Brook or any other near suburbs that have good mex,ChIJofh9LHpbDogRLMHKhO0R6JM,no,,
Knead Dough Co Turano Bread,Bakery,(630) 972-0404,"556 St James Gate, Bolingbrook, IL 60440, USA",3.7,"Nice clean restroom,driver lounge is nice and clean coffee for drivers.
Little tide for back up, no overheating parking.",ChIJM9UE9ZhbDogR5fqWrYjsvHg,no,,
Bakery,,,"Bakery, Romeoville, IL 60446, USA",,,ChIJH-ugZEpeDogRqc6ke_OOcVA,no,,
DulcebyIsa,Pastry Shop,(630) 770-9396,"708 S Weber Rd, Romeoville, IL 60446, USA",,,ChIJxUGPW5VfDogRtJBqc5Ugd7E,no,,
Bakery,,,"Bakery, Plainfield, IL 60585, USA",,,ChIJpynl0cz1DogRmwJQNWvZgnY,no,,
Greenwood Lawn Services,General Contractor,(630) 420-9919,"Graver Estates, 13251 Vicky St, Plainfield, IL 60585, USA",4.3,We’ve used Greenwood for years. They do an excellent job!,ChIJLdpHybv1DogRJDzNygHiSx0,no,,
Ace of Fades,Barber shop,(815) 630-5075,"3340 Mall Loop Dr Ste 1430, Joliet, IL 60431, USA",3.8,Hispanic dude overcharged me after cutting my sons hair! He told me the price was $40 when the website says $30. I didn’t know it was $30 until I left. Also this dude has a son right outside the store,ChIJHQ1HKNlfDogRjNPFxTSSpnc,no,,
Paris Nails,Nail Salon,(815) 254-5963,"2200 Rte 59 Unit 4, Plainfield, IL 60586, USA",4.4,Always pay attention to detail and make sure nails are even and polished and designed impeccably. love them!!! Pure perfection every time I go!!! Highly recommend.  Make an apt!,ChIJjSwCM-SKDogRsrZfPH1Rm5c,no,,
Eva:Emma,Cafe,(253) 449-6062,"504 Herath Ln, Shorewood, IL 60404, USA",,,ChIJDRzUkumLDogRHOxcXuWIbzE,no,,
Wally's lawn care llc,Services,(815) 690-6550,"2077 Sutcliffe Dr, Romeoville, IL 60446, USA",5,"The BEST in the business, my husband and I called for a  quote for lawn care and Wally said give me a half hour and I will come and let you know my rates.  He not only showed up within the time schedu",ChIJdctJt4VfDogRt_8XcPazQZ8,no,,
Blissful Brew Coffee Co,Coffee Shop,(708) 738-5855,"133 E 9th St, Lockport, IL 60441, USA",5,"I think I might be a regular here by now..if I lived walking distance I would probably be here daily … every coffee I have tried has been amazing! My favorites currently (iced coffees) : teddy graham,",ChIJsYIC8SZdDogRVDGeqLLyCIY,no,,
Limitless Cuts & Styles 2,Barber shop,(331) 293-4805,"1649 Montgomery Rd, Aurora, IL 60504, USA",5,Great barbershop with good atmosphere and Einer got the best cuts,ChIJ1eKsb8XxDogRndBldY22sfs,no,,
Cafe Romeo,Breakfast Restaurant,(815) 293-4041,"345 N Independence Blvd, Romeoville, IL 60446, USA",4.1,"We love this place! The food is always delicious, and the portions are so generous that I never remember to take a photo until we’re almost done eating. 😄

This time we ordered the burger, a medium st",ChIJld-kVjtcDogRVBtz7FUf1pw,no,,
Beezy the Barber,Barber shop,(331) 327-4816,"619 e boughton rd ste 143, Suite 24, Bolingbrook, IL 60440, USA",5,Good service. Great barber. I got out the chair looking my best. He took me in last minute too. Now he my only barber for me and my family,ChIJCSeseaSLDogRkeo8krzIK-c,no,,
The Barber Cave,Barber shop,(779) 205-6252,"2250 Weber Rd, Crest Hill, IL 60403, USA",5,James is a very professional barber and excellent business man. I was referred to him after trying multiple barbers for my kids to no avail. He is great with kids and very personable. My kids enjoy ge,ChIJiaj4tHxhDogRZu1KVq4w114,no,,
La Bre Kafe,Coffee Shop,(708) 390-8555,"3601 216th St, Matteson, IL 60443, USA",4.8,Was looking for coffee in the vicinity. This coffeehouse came up as a recommendation. Glad I followed through on it. Great coffee. Great service. Loved the relaxed atmosphere. I will definitely return,ChIJnylDEwARDogRuDjAfXNNCkE,no,,
